product_id,name,category,price,description,sweetness,packaging,storage_method,gift_available,is_active
1,담백한 한과 선물 세트,한과,28000,개별포장된 담백한 맛의 한과 선물 세트,2,individual,room,1,1
2,꿀 약과 선물 세트,한과,24000,달콤한 꿀 약과를 개별포장한 선물 세트,5,individual,room,1,1
3,구운 견과 선물 세트,견과,32000,구운 견과를 하나의 용기에 담은 선물 세트,1,bulk,room,1,1
4,담백한 현미 떡,떡,12000,한 개씩 포장한 일상 간식용 현미 떡,1,individual,frozen,0,1
5,개별포장 견과 선물 세트,견과,35000,한 봉지씩 나누어 포장한 견과 선물 세트,1,individual,room,1,1
6,미니 쌀과자,과자,4500,한 봉지씩 개별포장한 담백한 쌀과자,1,individual,room,0,1
7,볶은 보리 간식,곡물,6000,하나의 봉지에 담은 볶은 보리 간식,1,bulk,room,0,1
8,미니 꿀 쿠키,과자,8000,작은 쿠키를 하나씩 포장한 간식,3,individual,room,0,1
9,콩가루 인절미,떡,10000,한 용기에 함께 담은 콩가루 인절미,2,bulk,frozen,0,1
10,현미 누룽지 스틱,곡물,15000,하나씩 꺼내 먹도록 포장한 누룽지 스틱,2,individual,room,0,1
11,조청 유과 선물 상자,한과,18000,유과를 한 용기에 담은 달콤한 선물 상자,4,bulk,room,1,1
12,담백한 곡물바 선물,곡물,20000,개별포장 곡물바를 모은 선물 세트,2,individual,room,1,1
13,구운 아몬드 선물 통,견과,22000,구운 아몬드를 한 통에 담은 선물 상품,1,bulk,room,1,1
14,흑임자 쿠키 선물,과자,26000,흑임자 쿠키를 하나씩 포장한 선물 세트,3,individual,room,1,1
15,모둠 절편 선물,떡,30000,절편을 한 용기에 담은 냉동 선물 세트,2,bulk,frozen,1,1
16,밤 양갱 선물,양갱,38000,밤 양갱을 하나씩 포장한 달콤한 선물,4,individual,room,1,1
17,호두 선물 용기,견과,42000,호두를 하나의 용기에 담은 선물 상품,1,bulk,room,1,1
18,담백한 모둠 한과,한과,48000,담백한 한과를 개별포장한 선물 상품,2,individual,room,1,1
19,과일 정과 선물,정과,55000,과일 정과를 한 상자에 함께 담은 선물,3,bulk,room,1,1
20,모둠 견과 소포장 선물,견과,65000,여러 견과를 한 봉지씩 나누어 담은 선물,1,individual,room,1,1
21,플레인 요거트 용기,유제품,11000,한 용기에 담은 냉장 보관 요거트,1,bulk,refrigerated,0,1
22,쑥 떡 개별 간식,떡,14000,하나씩 포장해 냉동 보관하는 쑥 떡,2,individual,frozen,0,1
23,우유 푸딩 용기,디저트,16000,한 용기에 담은 냉장 우유 푸딩,3,bulk,refrigerated,0,1
24,달콤한 팥 양갱,양갱,19000,팥 양갱을 개별포장한 일상 간식,4,individual,room,0,1
25,고구마 말랭이 봉지,건조식품,23000,고구마 말랭이를 한 봉지에 담은 간식,2,bulk,room,0,1
26,담백한 검은콩 선물,곡물,27000,볶은 검은콩을 작은 봉지로 나눈 선물,1,individual,room,1,1
27,꿀 유과 모둠 선물,한과,33000,달콤한 유과를 한 상자에 함께 담은 선물,5,bulk,room,1,1
28,모둠 쿠키 선물,과자,36000,여러 쿠키를 개별포장한 선물 세트,3,individual,room,1,1
29,호박 떡 선물 용기,떡,45000,호박 떡을 한 용기에 담은 냉동 선물,2,bulk,frozen,1,1
30,담백한 곡물 간식 선물,곡물,50000,담백한 곡물 간식을 개별포장한 선물,1,individual,room,1,1
